0,0,0
0,0,0
16.0041494619364,27.72,0
0,0,0
0,0,0
0,-55.44,0
16.0041494619364,-27.72,0
0,0,0
16.0041494619364,-27.72,0
-16.0041494619364,-27.72,0
16.0041494619364,-27.72,0
0,0,0
0,0,0
0,0,0
0,0,0
0,0,0
0,0,0
-16.0041494619364,-27.72,0
16.0041494619364,27.72,0
0,0,0
0,0,0
0,0,0
0,0,0
0,0,0
16.0041494619364,-27.72,0
0,0,0
0,0,0
-16.0041494619364,27.72,0
0,0,0
32.0082989238729,0,0
0,55.44,0
0,0,0
0,0,0
0,0,0
0,0,0
16.0041494619364,-27.72,0
16.0041494619364,27.72,0
0,0,0
0,0,0
16.0041494619364,-27.72,0
0,0,0
0,0,0
-16.0041494619364,27.72,0
0,0,0
16.0041494619364,-27.72,0
0,0,0
0,0,0
32.0082989238729,0,0
16.0041494619364,-27.72,0
0,0,0
0,0,0
16.0041494619364,27.72,0
0,0,0
16.0041494619364,27.72,0
0,0,0
0,0,0
0,0,0
0,0,0
0,0,0
0,55.44,0
-16.0041494619364,27.72,0
-16.0041494619364,27.72,0
16.0041494619364,27.72,0
0,0,0
16.0041494619364,27.72,0
-16.0041494619364,27.72,0
16.0041494619364,27.72,0
0,55.44,0
0,0,0
0,0,0
16.0041494619364,27.72,0
32.0082989238729,0,0
16.0041494619364,-27.72,0
16.0041494619364,27.72,0
-16.0041494619364,-27.72,0
0,0,0
0,0,0
0,0,0
0,0,0
0,0,0
0,0,0
0,0,0
0,0,0
16.0041494619364,27.72,0
-16.0041494619364,27.72,0
-16.0041494619364,27.72,0
0,0,0
16.0041494619364,27.72,0
0,0,0
0,0,0
0,0,0
0,0,0
16.0041494619364,27.72,0
16.0041494619364,27.72,0
0,0,0
0,0,0
16.0041494619364,27.72,0
-16.0041494619364,27.72,0
-16.0041494619364,27.72,0
0,0,0
-16.0041494619364,27.72,0
16.0041494619364,27.72,0
0,0,0
0,0,0
16.0041494619364,-27.72,0
0,0,0
0,0,0
0,0,0
16.0041494619364,-27.72,0
0,0,0
0,0,0
0,0,0
0,55.44,0
-16.0041494619364,-27.72,0
-16.0041494619364,-27.72,0
-16.0041494619364,-27.72,0
16.0041494619364,27.72,0
0,0,0
0,0,0
16.0041494619364,27.72,0
0,0,0
0,0,0
16.0041494619364,-27.72,0
0,0,0
0,0,0
16.0041494619364,-27.72,0
-16.0041494619364,27.72,0
0,0,0
0,0,0
-16.0041494619364,-27.72,0
0,0,0
-16.0041494619364,-27.72,0
0,0,0
0,0,0
16.0041494619364,27.72,0
16.0041494619364,27.72,0
0,0,0
0,0,0
0,0,0
16.0041494619364,-27.72,0
0,0,0
0,0,0
0,0,0
0,0,0
0,0,0
0,0,0
0,0,0
0,0,0
0,0,0
0,0,0
0,0,0
0,0,0
0,0,0
0,0,0
0,0,0
0,0,0
0,0,0
-16.0041494619364,27.72,0
0,0,0
0,0,0
0,0,0
0,0,0
0,55.44,0
16.0041494619364,-27.72,0
32.0082989238729,0,0
0,0,0
-16.0041494619364,27.72,0
0,0,0
0,0,0
0,0,0
0,0,0
0,0,0
0,0,0
0,0,0
0,0,0
0,0,0
-32.0082989238728,0,0
0,0,0
16.0041494619364,27.72,0
0,0,0
0,55.44,0
0,0,0
0,0,0
0,0,0
0,0,0
0,0,0
0,0,0
-16.0041494619364,27.72,0
-16.0041494619364,27.72,0
16.0041494619364,27.72,0
0,0,0
16.0041494619364,27.72,0
0,0,0
0,0,0
0,0,0
0,0,0
0,0,0
-32.0082989238728,0,0
0,0,0
0,0,0
0,0,0
0,0,0
0,0,0
16.0041494619364,27.72,0
0,0,0
-16.0041494619364,27.72,0
-16.0041494619364,27.72,0
0,0,0
0,0,0
0,0,0
0,0,0
0,0,0
0,0,0
0,0,0
-32.0082989238729,0,0
0,0,0
0,0,0
-16.0041494619364,-27.72,0
0,0,0
0,0,0
0,0,0
0,0,0
0,0,0
0,0,0
0,0,0
0,0,0
-16.0041494619364,27.72,0
0,0,0
0,0,0
0,0,0
0,0,0
0,0,0
-16.0041494619364,27.72,0
-16.0041494619364,-27.72,0
0,0,0
0,0,0
0,0,0
0,0,0
0,0,0
0,0,0
-16.0041494619364,27.72,0
0,0,0
-16.0041494619364,27.72,0
0,0,0
0,0,0
16.0041494619364,-27.72,0
-32.0082989238729,0,0
0,0,0
0,0,0
-16.0041494619364,-27.72,0
0,0,0
0,0,0
0,0,0
0,0,0
0,0,0
0,0,0
-16.0041494619364,27.72,0
0,0,0
0,0,0
0,0,0
16.0041494619364,27.72,0
-16.0041494619364,-27.72,0
0,0,0
0,0,0
0,0,0
0,0,0
16.0041494619364,27.72,0
0,0,0
0,0,0
-16.0041494619364,-27.72,0
0,0,0
0,0,0
16.0041494619364,-27.72,0
-16.0041494619364,-27.72,0
-16.0041494619364,-27.72,0
0,0,0
0,0,0
0,0,0
0,0,0
0,0,0
16.0041494619364,-27.72,0
0,0,0
0,0,0
0,0,0
0,0,0
0,0,0
0,0,0
0,0,0
0,0,0
16.0041494619364,-27.72,0
0,0,0
32.0082989238729,0,0
0,0,0
16.0041494619364,-27.72,0
0,0,0
0,0,0
0,0,0
0,0,0
0,0,0
0,0,0
0,0,0
16.0041494619364,27.72,0
0,0,0
0,0,0
0,0,0
0,0,0
0,0,0
0,0,0
0,0,0
-16.0041494619364,-27.72,0
0,0,0
0,0,0
0,0,0
0,0,0
0,0,0
16.0041494619364,-27.72,0
0,0,0
0,0,0
0,0,0
0,0,0
0,0,0
0,0,0
0,0,0
0,0,0
0,0,0
0,0,0
0,0,0
0,0,0
0,0,0
0,0,0
0,0,0
0,0,0
-16.0041494619364,-27.72,0
0,0,0
0,0,0
0,0,0
0,0,0
0,0,0
-16.0041494619364,-27.72,0
0,0,0
0,0,0
0,0,0
0,0,0
0,0,0
0,0,0
0,0,0
0,0,0
0,0,0
16.0041494619364,-27.72,0
0,0,0
0,0,0
0,0,0
0,0,0
0,0,0
0,0,0
0,0,0
0,0,0
0,0,0
-16.0041494619364,-27.72,0
0,0,0
0,0,0
0,0,0
0,0,0
16.0041494619364,-27.72,0
16.0041494619364,-27.72,0
0,0,0
16.0041494619364,-27.72,0
0,0,0
0,55.44,0
0,0,0
0,0,0
-16.0041494619364,27.72,0
0,0,0
0,0,0
0,0,0
16.0041494619364,27.72,0
0,0,0
0,0,0
0,0,0
0,0,0
16.0041494619364,27.72,0
0,0,0
0,0,0
0,0,0
0,0,0
0,0,0
0,0,0
0,0,0
0,0,0
0,0,0
0,0,0
0,0,0
0,0,0
0,0,0
0,0,0
0,0,0
0,0,0
0,0,0
0,0,0
0,0,0
16.0041494619364,-27.72,0
0,0,0
0,0,0
0,0,0
0,0,0
0,0,0
0,0,0
0,0,0
-16.0041494619364,27.72,0
0,0,0
0,0,0
0,0,0
0,0,0
0,0,0
0,0,0
0,-55.44,0
16.0041494619364,-27.72,0
0,-55.44,0
16.0041494619364,-27.72,0
16.0041494619364,-27.72,0
-16.0041494619364,-27.72,0
-16.0041494619364,27.72,0
16.0041494619364,-27.72,0
0,0,0
-64.0165978477457,55.44,0
0,0,0
0,0,0
-16.0041494619364,27.72,0
16.0041494619364,27.72,0
0,0,0
0,0,0
-16.0041494619364,-27.72,0
-16.0041494619364,27.72,0
0,0,0
-32.0082989238728,0,0
0,0,0
16.0041494619364,27.72,0
0,0,0
0,0,0
0,0,0
0,0,0
0,0,0
0,0,0
16.0041494619364,27.72,0
-32.0082989238728,0,0
0,0,0
0,0,0
0,0,0
0,0,0
-16.0041494619364,27.72,0
-16.0041494619364,-27.72,0
16.0041494619364,27.72,0
0,0,0
0,0,0
16.0041494619364,27.72,0
0,0,0
16.0041494619364,-27.72,0
0,0,0
16.0041494619364,-27.72,0
-16.0041494619364,-27.72,0
16.0041494619364,27.72,0
0,0,0
-16.0041494619364,27.72,0
0,0,0
0,0,0
0,0,0
0,0,0
0,0,0
0,0,0
16.0041494619364,27.72,0
-16.0041494619364,27.72,0
0,0,0
16.0041494619364,-27.72,0
0,0,0
16.0041494619364,-27.72,0
16.0041494619364,-27.72,0
16.0041494619364,-27.72,0
32.0082989238729,0,0
0,0,0
0,0,0
32.0082989238729,0,0
16.0041494619364,27.72,0
0,0,0
32.0082989238728,0,0
0,0,0
0,0,0
0,0,0
32.0082989238728,0,0
16.0041494619364,27.72,0
16.0041494619364,-27.72,0
0,0,0
16.0041494619364,27.72,0
0,0,0
0,0,0
0,0,0
16.0041494619364,-27.72,0
0,0,0
0,0,0
16.0041494619364,-27.72,0
0,0,0
0,0,0
-32.0082989238729,0,0
0,0,0
0,0,0
-16.0041494619364,-27.72,0
0,-55.44,0
0,0,0
-16.0041494619364,-27.72,0
0,0,0
0,0,0
0,0,0
-16.0041494619364,-27.72,0
0,0,0
0,0,0
0,0,0
16.0041494619364,27.72,0
-16.0041494619364,-27.72,0
0,0,0
0,0,0
16.0041494619364,27.72,0
0,0,0
16.0041494619364,27.72,0
0,0,0
16.0041494619364,27.72,0
16.0041494619364,27.72,0
0,0,0
0,0,0
0,0,0
0,0,0
0,0,0
-16.0041494619364,27.72,0
0,0,0
-16.0041494619364,-27.72,0
0,0,0
-16.0041494619364,-27.72,0
-16.0041494619364,-27.72,0
0,0,0
0,0,0
0,0,0
0,0,0
0,0,0
0,0,0
-16.0041494619364,-27.72,0
0,0,0
0,0,0
-16.0041494619364,-27.72,0
-16.0041494619364,27.72,0
0,0,0
-16.0041494619364,27.72,0
0,55.44,0
0,55.44,0
0,0,0
0,0,0
16.0041494619364,27.72,0
-16.0041494619364,-27.72,0
0,0,0
0,0,0
0,0,0
0,0,0
0,-55.44,0
-16.0041494619364,-27.72,0
0,0,0
16.0041494619364,-27.72,0
0,0,0
-16.0041494619364,-27.72,0
0,0,0
0,0,0
0,0,0
-16.0041494619364,-27.72,0
0,0,0
0,0,0
0,0,0
-16.0041494619364,27.72,0
0,0,0
-16.0041494619364,27.72,0
0,0,0
0,0,0
-16.0041494619364,-27.72,0
0,0,0
-16.0041494619364,-27.72,0
-16.0041494619364,27.72,0
0,0,0
0,0,0
0,0,0
0,0,0
-16.0041494619364,-27.72,0
0,0,0
0,0,0
0,0,0
16.0041494619364,-27.72,0
16.0041494619364,-27.72,0
16.0041494619364,27.72,0
0,0,0
-32.0082989238729,0,0
0,0,0
0,0,0
0,-55.44,0
0,0,0
0,0,0
-16.0041494619364,-27.72,0
-16.0041494619364,-27.72,0
0,0,0
-16.0041494619364,-27.72,0
0,0,0
0,0,0
0,0,0
0,0,0
-16.0041494619364,27.72,0
-16.0041494619364,27.72,0
0,0,0
0,0,0
-16.0041494619364,-27.72,0
16.0041494619364,27.72,0
-16.0041494619364,27.72,0
0,0,0
-16.0041494619364,27.72,0
0,0,0
-16.0041494619364,-27.72,0
0,0,0
0,0,0
0,0,0
0,-55.44,0
0,-55.44,0
0,0,0
-16.0041494619364,-27.72,0
0,0,0
0,0,0
16.0041494619364,-27.72,0
0,0,0
0,0,0
-16.0041494619364,-27.72,0
-16.0041494619364,-27.72,0
0,0,0
16.0041494619364,-27.72,0
0,0,0
0,0,0
0,0,0
-16.0041494619364,-27.72,0
16.0041494619364,27.72,0
-32.0082989238729,0,0
0,0,0
0,0,0
0,0,0
0,0,0
0,0,0
0,0,0
-16.0041494619364,-27.72,0
0,0,0
-16.0041494619364,-27.72,0
-16.0041494619364,27.72,0
-16.0041494619364,-27.72,0
0,0,0
-16.0041494619364,-27.72,0
-16.0041494619364,-27.72,0
0,0,0
-16.0041494619364,-27.72,0
0,0,0
0,0,0
16.0041494619364,-27.72,0
0,0,0
-16.0041494619364,-27.72,0
0,0,0
-16.0041494619364,27.72,0
0,0,0
0,0,0
0,-55.44,0
0,0,0
0,0,0
-16.0041494619364,27.72,0
-16.0041494619364,-27.72,0
-16.0041494619364,-27.72,0
0,0,0
0,0,0
0,0,0
0,0,0
-16.0041494619364,-27.72,0
-16.0041494619364,-27.72,0
-16.0041494619364,-27.72,0
0,0,0
-16.0041494619364,-27.72,0
0,0,0
0,0,0
0,0,0
0,0,0
0,0,0
0,0,0
0,0,0
0,0,0
-16.0041494619364,-27.72,0
0,0,0
16.0041494619364,-27.72,0
0,-55.44,0
16.0041494619364,-27.72,0
0,0,0
0,0,0
16.0041494619364,-27.72,0
0,0,0
16.0041494619364,-27.72,0
-16.0041494619364,-27.72,0
16.0041494619364,-27.72,0
0,0,0
0,0,0
0,0,0
0,0,0
0,0,0
-16.0041494619364,-27.72,0
0,0,0
0,-55.44,0
0,0,0
-16.0041494619364,27.72,0
0,0,0
0,0,0
32.0082989238729,0,0
0,0,0
0,0,0
0,0,0
16.0041494619364,27.72,0
0,0,0
0,0,0
0,0,0
0,0,0
0,0,0
0,0,0
16.0041494619364,-27.72,0
-16.0041494619364,27.72,0
16.0041494619364,-27.72,0
0,0,0
-16.0041494619364,-27.72,0
0,0,0
0,0,0
0,0,0
16.0041494619364,-27.72,0
0,0,0
0,0,0
0,0,0
16.0041494619364,-27.72,0
16.0041494619364,-27.72,0
-16.0041494619364,-27.72,0
16.0041494619364,-27.72,0
0,0,0
0,0,0
16.0041494619364,-27.72,0
0,0,0
0,0,0
0,0,0
0,55.44,0
0,0,0
0,0,0
0,0,0
32.0082989238729,0,0
-16.0041494619364,27.72,0
0,0,0
0,0,0
0,0,0
0,0,0
0,0,0
-16.0041494619364,-27.72,0
0,0,0
0,0,0
0,0,0
16.0041494619364,-27.72,0
0,0,0
16.0041494619364,-27.72,0
0,0,0
-16.0041494619364,-27.72,0
0,0,0
16.0041494619364,-27.72,0
0,0,0
0,0,0
0,0,0
0,0,0
0,0,0
0,0,0
0,0,0
0,0,0
0,0,0
0,0,0
0,0,0
0,0,0
0,0,0
0,0,0
0,0,0
0,0,0
0,0,0
32.0082989238729,0,0
0,0,0
0,0,0
0,-55.44,0
0,0,0
16.0041494619364,-27.72,0
0,0,0
0,0,0
0,0,0
0,0,0
0,0,0
-16.0041494619364,-27.72,0
16.0041494619364,27.72,0
0,0,0
0,0,0
0,0,0
0,0,0
0,0,0
0,0,0
0,55.44,0
32.0082989238729,0,0
16.0041494619364,27.72,0
0,0,0
0,0,0
0,0,0
16.0041494619364,-27.72,0
0,0,0
0,0,0
16.0041494619364,27.72,0
32.0082989238729,0,0
0,0,0
0,0,0
32.0082989238729,0,0
0,55.44,0
16.0041494619364,-27.72,0
0,0,0
32.0082989238729,0,0
-16.0041494619364,-27.72,0
32.0082989238729,0,0
0,0,0
0,0,0
0,0,0
0,0,0
0,0,0
0,0,0
16.0041494619364,-27.72,0
16.0041494619364,-27.72,0
16.0041494619364,-27.72,0
0,0,0
16.0041494619364,-27.72,0
0,0,0
32.0082989238728,-55.44,0
-16.0041494619364,-27.72,0
-16.0041494619364,-27.72,0
-16.0041494619364,-27.72,0
-16.0041494619364,-27.72,0
0,0,0
0,0,0
0,0,0
0,0,0
0,0,0
16.0041494619364,-27.72,0
0,0,0
0,0,0
16.0041494619364,27.72,0
0,0,0
16.0041494619364,-27.72,0
0,0,0
0,0,0
0,0,0
0,0,0
0,0,0
-16.0041494619364,-27.72,0
0,0,0
-16.0041494619364,-27.72,0
0,0,0
-16.0041494619364,-27.72,0
0,0,0
16.0041494619364,27.72,0
16.0041494619364,27.72,0
16.0041494619364,-27.72,0
0,0,0
0,0,0
16.0041494619364,27.72,0
16.0041494619364,-27.72,0
0,55.44,0
0,0,0
32.0082989238729,0,0
16.0041494619364,-27.72,0
0,0,0
0,0,0
0,0,0
0,0,0
0,0,0
0,0,0
16.0041494619364,27.72,0
16.0041494619364,27.72,0
0,0,0
0,0,0
0,0,0
0,0,0
0,0,0
16.0041494619364,-27.72,0
-16.0041494619364,-27.72,0
0,0,0
-16.0041494619364,27.72,0
0,0,0
0,0,0
0,0,0
0,0,0
0,0,0
0,55.44,0
0,0,0
16.0041494619364,-27.72,0
16.0041494619364,-27.72,0
0,0,0
0,0,0
32.0082989238729,0,0
16.0041494619364,27.72,0
16.0041494619364,27.72,0
0,0,0
16.0041494619364,-27.72,0
0,0,0
16.0041494619364,-27.72,0
0,0,0
0,0,0
0,0,0
0,0,0
0,0,0
0,0,0
0,0,0
16.0041494619364,-27.72,0
16.0041494619364,27.72,0
-16.0041494619364,-27.72,0
0,0,0
0,0,0
0,0,0
0,0,0
0,0,0
0,0,0
0,0,0
0,0,0
16.0041494619364,27.72,0
16.0041494619364,27.72,0
0,0,0
0,0,0
0,0,0
16.0041494619364,27.72,0
0,0,0
0,0,0
0,0,0
0,0,0
0,0,0
-16.0041494619364,27.72,0
0,0,0
-16.0041494619364,-27.72,0
0,0,0
0,0,0
-16.0041494619364,-27.72,0
-16.0041494619364,27.72,0
16.0041494619364,27.72,0
16.0041494619364,27.72,0
0,0,0
0,0,0
0,0,0
-16.0041494619364,27.72,0
0,0,0
0,0,0
0,0,0
0,0,0
-16.0041494619364,27.72,0
0,0,0
0,0,0
16.0041494619364,27.72,0
-16.0041494619364,27.72,0
-16.0041494619364,27.72,0
0,0,0
0,0,0
0,0,0
0,0,0
0,0,0
16.0041494619364,-27.72,0
-16.0041494619364,-27.72,0
16.0041494619364,-27.72,0
-16.0041494619364,-27.72,0
16.0041494619364,-27.72,0
0,0,0
0,0,0
0,0,0
0,0,0
0,0,0
0,0,0
-16.0041494619364,-27.72,0
16.0041494619364,-27.72,0
-16.0041494619364,-27.72,0
0,0,0
0,0,0
0,0,0
16.0041494619364,-27.72,0
0,0,0
0,0,0
0,0,0
0,0,0
0,0,0
0,0,0
16.0041494619364,-27.72,0
0,0,0
0,0,0
0,0,0
-16.0041494619364,-27.72,0
0,0,0
32.0082989238729,0,0
0,0,0
0,0,0
0,0,0
0,0,0
0,0,0
0,0,0
0,0,0
0,0,0
0,0,0
-16.0041494619364,27.72,0
0,0,0
0,0,0
0,0,0
0,0,0
0,0,0
0,0,0
0,0,0
0,0,0
0,0,0
0,0,0
0,0,0
0,55.44,0
0,0,0
16.0041494619364,-27.72,0
0,0,0
32.0082989238729,0,0
16.0041494619364,27.72,0
0,0,0
0,0,0
0,0,0
16.0041494619364,-27.72,0
0,0,0
16.0041494619364,27.72,0
0,0,0
0,0,0
0,0,0
0,0,0
0,0,0
0,0,0
16.0041494619364,-27.72,0
0,0,0
0,0,0
0,0,0
0,0,0
0,0,0
0,0,0
0,0,0
0,0,0
0,0,0
0,0,0
0,0,0
-16.0041494619364,27.72,0
0,0,0
-16.0041494619364,27.72,0
0,0,0
0,0,0
0,0,0
16.0041494619364,-27.72,0
0,0,0
0,0,0
0,0,0
0,0,0
0,0,0
0,0,0
0,0,0
-16.0041494619364,27.72,0
0,0,0
-32.0082989238729,0,0
0,0,0
32.0082989238729,0,0
0,0,0
0,0,0
0,0,0
0,0,0
-16.0041494619364,27.72,0
0,0,0
0,0,0
0,0,0
0,0,0
0,0,0
0,0,0
0,0,0
0,0,0
16.0041494619364,27.72,0
16.0041494619364,27.72,0
0,0,0
0,0,0
-16.0041494619364,-27.72,0
-16.0041494619364,27.72,0
0,0,0
-32.0082989238728,0,0
0,0,0
0,0,0
0,0,0
0,0,0
0,0,0
0,0,0
0,0,0
0,0,0
-16.0041494619364,27.72,0
0,0,0
0,0,0
0,0,0
0,0,0
0,0,0
0,0,0
0,0,0
16.0041494619364,-27.72,0
-16.0041494619364,-27.72,0
16.0041494619364,27.72,0
0,0,0
0,0,0
0,0,0
-16.0041494619364,-27.72,0
0,0,0
0,0,0
0,0,0
0,0,0
0,0,0
0,55.44,0
16.0041494619364,27.72,0
0,0,0
16.0041494619364,27.72,0
0,0,0
0,0,0
-16.0041494619364,27.72,0
0,0,0
0,0,0
-32.0082989238729,0,0
-16.0041494619364,27.72,0
0,0,0
-16.0041494619364,27.72,0
-16.0041494619364,27.72,0
0,0,0
0,0,0
0,0,0
0,0,0
-16.0041494619364,27.72,0
16.0041494619364,27.72,0
0,0,0
0,0,0
16.0041494619364,27.72,0
0,0,0
0,0,0
0,0,0
16.0041494619364,27.72,0
0,0,0
0,0,0
16.0041494619364,27.72,0
0,0,0
16.0041494619364,27.72,0
-32.0082989238729,0,0
16.0041494619364,27.72,0
0,0,0
0,0,0
-16.0041494619364,-27.72,0
16.0041494619364,27.72,0
0,0,0
0,0,0
0,0,0
0,0,0
0,0,0
0,0,0
16.0041494619364,27.72,0
0,0,0
-16.0041494619364,27.72,0
0,0,0
0,55.44,0
0,55.44,0
0,0,0
0,0,0
0,0,0
16.0041494619364,27.72,0
-16.0041494619364,27.72,0
0,0,0
0,0,0
16.0041494619364,27.72,0
-16.0041494619364,27.72,0
0,0,0
0,0,0
0,0,0
16.0041494619364,27.72,0
0,0,0
0,0,0
0,0,0
0,0,0
0,55.44,0
0,55.44,0
-16.0041494619364,27.72,0
0,0,0
0,0,0
0,0,0
0,0,0
0,0,0
0,0,0
-16.0041494619364,27.72,0
-16.0041494619364,27.72,0
0,0,0
0,0,0
16.0041494619364,27.72,0
0,0,0
0,0,0
0,0,0
0,0,0
16.0041494619364,27.72,0
16.0041494619364,27.72,0
0,55.44,0
16.0041494619364,27.72,0
0,0,0
0,0,0
16.0041494619364,27.72,0
0,0,0
0,0,0
0,0,0
0,55.44,0
0,55.44,0
0,0,0
0,0,0
-32.0082989238729,0,0
0,0,0
16.0041494619364,27.72,0
0,0,0
0,55.44,0
-16.0041494619364,-27.72,0
16.0041494619364,27.72,0
0,55.44,0
0,0,0
-16.0041494619364,-27.72,0
-16.0041494619364,27.72,0
16.0041494619364,27.72,0
16.0041494619364,27.72,0
0,0,0
0,0,0
0,0,0
16.0041494619364,27.72,0
0,0,0
-16.0041494619364,27.72,0
-32.0082989238728,0,0
0,55.44,0
0,0,0
-32.0082989238729,0,0
0,0,0
0,0,0
0,0,0
0,0,0
0,0,0
16.0041494619364,27.72,0
0,0,0
-16.0041494619364,-27.72,0
-16.0041494619364,27.72,0
0,0,0
0,0,0
-16.0041494619364,-27.72,0
0,0,0
0,0,0
0,0,0
0,0,0
0,0,0
16.0041494619364,27.72,0
0,0,0
0,0,0
16.0041494619364,27.72,0
16.0041494619364,-27.72,0
16.0041494619364,27.72,0
16.0041494619364,-27.72,0
0,0,0
16.0041494619364,-27.72,0
16.0041494619364,-27.72,0
-16.0041494619364,-27.72,0
0,0,0
0,0,0
0,0,0
0,0,0
16.0041494619364,-27.72,0
0,0,0
0,0,0
0,0,0
0,0,0
0,0,0
16.0041494619364,27.72,0
0,0,0
0,0,0
0,0,0
0,0,0
32.0082989238729,0,0
16.0041494619364,-27.72,0
0,0,0
16.0041494619364,-27.72,0
16.0041494619364,-27.72,0
16.0041494619364,-27.72,0
-16.0041494619364,-27.72,0
0,0,0
0,0,0
16.0041494619364,27.72,0
0,0,0
0,0,0
0,-55.44,0
0,0,0
16.0041494619364,27.72,0
0,0,0
0,0,0
16.0041494619364,-27.72,0
-16.0041494619364,-27.72,0
16.0041494619364,27.72,0
0,0,0
0,0,0
-32.0082989238728,0,0
0,0,0
0,0,0
32.0082989238729,0,0
0,0,0
0,0,0
0,0,0
0,0,0
0,0,0
0,0,0
0,0,0
16.0041494619364,27.72,0
0,0,0
0,0,0
0,55.44,0
16.0041494619364,-27.72,0
0,0,0
0,0,0
0,0,0
0,0,0
0,-55.44,0
16.0041494619364,-27.72,0
0,0,0
16.0041494619364,-27.72,0
0,0,0
0,0,0
16.0041494619364,-27.72,0
0,0,0
16.0041494619364,-27.72,0
16.0041494619364,27.72,0
-16.0041494619364,-27.72,0
0,0,0
0,0,0
0,0,0
0,0,0
16.0041494619364,27.72,0
0,0,0
0,0,0
0,0,0
-16.0041494619364,-27.72,0
16.0041494619364,-27.72,0
0,0,0
0,0,0
0,0,0
0,0,0
0,0,0
0,0,0
0,0,0
0,0,0
0,0,0
-16.0041494619364,-27.72,0
0,0,0
0,0,0
0,0,0
0,0,0
0,0,0
0,0,0
0,0,0
16.0041494619364,-27.72,0
0,0,0
0,0,0
16.0041494619364,-27.72,0
0,0,0
16.0041494619364,-27.72,0
0,0,0
16.0041494619364,-27.72,0
16.0041494619364,27.72,0
16.0041494619364,-27.72,0
32.0082989238729,0,0
0,0,0
0,0,0
0,0,0
0,0,0
16.0041494619364,-27.72,0
0,0,0
16.0041494619364,-27.72,0
0,0,0
0,0,0
16.0041494619364,27.72,0
16.0041494619364,27.72,0
16.0041494619364,27.72,0
0,0,0
0,0,0
0,0,0
32.0082989238729,0,0
0,0,0
0,55.44,0
16.0041494619364,27.72,0
16.0041494619364,27.72,0
16.0041494619364,27.72,0
0,0,0
16.0041494619364,27.72,0
16.0041494619364,27.72,0
16.0041494619364,27.72,0
16.0041494619364,27.72,0
0,0,0
16.0041494619364,27.72,0
-16.0041494619364,27.72,0
0,55.44,0
0,55.44,0
-16.0041494619364,27.72,0
0,55.44,0
0,55.44,0
0,0,0
0,0,0
16.0041494619364,27.72,0
-16.0041494619364,27.72,0
16.0041494619364,27.72,0
0,0,0
0,0,0
0,0,0
0,0,0
0,0,0
0,0,0
-16.0041494619364,-27.72,0
-16.0041494619364,-27.72,0
-16.0041494619364,-27.72,0
0,0,0
0,0,0
0,0,0
0,0,0
0,0,0
-16.0041494619364,-27.72,0
0,55.44,0
0,0,0
0,0,0
0,0,0
16.0041494619364,27.72,0
0,55.44,0
-16.0041494619364,27.72,0
0,0,0
-16.0041494619364,27.72,0
0,55.44,0
0,0,0
-32.0082989238728,0,0
0,55.44,0
-16.0041494619364,27.72,0
0,55.44,0
0,55.44,0
16.0041494619364,27.72,0
-16.0041494619364,27.72,0
0,0,0
0,0,0
0,0,0
0,0,0
0,0,0
-16.0041494619364,27.72,0
-16.0041494619364,27.72,0
0,55.44,0
0,0,0
16.0041494619364,27.72,0
16.0041494619364,-27.72,0
16.0041494619364,27.72,0
16.0041494619364,27.72,0
16.0041494619364,27.72,0
0,55.44,0
-16.0041494619364,27.72,0
0,0,0
0,0,0
-32.0082989238728,0,0
0,55.44,0
16.0041494619364,27.72,0
32.0082989238729,0,0
0,0,0
0,0,0
0,0,0
0,0,0
0,55.44,0
0,0,0
0,0,0
0,55.44,0
0,0,0
16.0041494619364,27.72,0
0,0,0
16.0041494619364,27.72,0
16.0041494619364,27.72,0
0,55.44,0
0,0,0
0,0,0
0,0,0
0,0,0
-16.0041494619364,27.72,0
16.0041494619364,27.72,0
16.0041494619364,-27.72,0
16.0041494619364,27.72,0
0,0,0
-16.0041494619364,27.72,0
0,55.44,0
0,55.44,0
32.0082989238729,55.44,0
0,0,0
16.0041494619364,27.72,0
0,0,0
0,0,0
16.0041494619364,27.72,0
0,0,0
0,0,0
0,0,0
-16.0041494619364,27.72,0
-16.0041494619364,27.72,0
-16.0041494619364,27.72,0
-16.0041494619364,27.72,0
0,0,0
-16.0041494619364,27.72,0
0,0,0
32.0082989238729,0,0
0,0,0
16.0041494619364,-27.72,0
-16.0041494619364,27.72,0
16.0041494619364,27.72,0
0,0,0
0,55.44,0
-16.0041494619364,27.72,0
16.0041494619364,27.72,0
16.0041494619364,27.72,0
16.0041494619364,27.72,0
0,0,0
0,0,0
0,0,0
0,0,0
0,0,0
0,0,0
32.0082989238729,0,0
0,0,0
0,0,0
0,0,0
0,0,0
0,0,0
16.0041494619364,-27.72,0
0,0,0
0,0,0
0,0,0
0,0,0
0,0,0
0,0,0
0,0,0
16.0041494619364,-27.72,0
0,0,0
0,0,0
0,0,0
0,0,0
0,0,0
0,0,0
0,0,0
16.0041494619364,-27.72,0
16.0041494619364,-27.72,0
0,0,0
0,0,0
0,0,0
0,0,0
16.0041494619364,-27.72,0
16.0041494619364,-27.72,0
16.0041494619364,-27.72,0
0,0,0
0,0,0
16.0041494619364,-27.72,0
0,0,0
-16.0041494619364,27.72,0
0,0,0
16.0041494619364,-27.72,0
16.0041494619364,-27.72,0
0,0,0
0,0,0
0,0,0
0,0,0
0,0,0
0,0,0
0,0,0
0,0,0
16.0041494619364,-27.72,0
-16.0041494619364,27.72,0
0,0,0
0,0,0
0,0,0
0,0,0
0,0,0
-16.0041494619364,-27.72,0
0,0,0
16.0041494619364,-27.72,0
0,0,0
16.0041494619364,27.72,0
0,0,0
0,0,0
0,0,0
0,0,0
0,0,0
16.0041494619364,-27.72,0
0,0,0
16.0041494619364,-27.72,0
0,0,0
16.0041494619364,-27.72,0
0,0,0
0,0,0
0,0,0
0,0,0
0,0,0
0,0,0
0,0,0
0,0,0
0,0,0
0,0,0
16.0041494619364,-27.72,0
0,0,0
32.0082989238729,0,0
16.0041494619364,27.72,0
-16.0041494619364,27.72,0
0,0,0
0,0,0
0,0,0
0,0,0
0,0,0
0,0,0
0,0,0
0,0,0
0,0,0
16.0041494619364,27.72,0
0,0,0
0,0,0
0,0,0
16.0041494619364,27.72,0
0,0,0
0,0,0
0,0,0
0,0,0
0,0,0
0,0,0
0,0,0
0,0,0
0,0,0
0,0,0
0,0,0
0,0,0
16.0041494619364,-27.72,0
0,0,0
0,0,0
16.0041494619364,-27.72,0
0,0,0
0,0,0
0,0,0
0,0,0
16.0041494619364,27.72,0
0,0,0
0,0,0
0,0,0
0,0,0
16.0041494619364,-27.72,0
0,0,0
0,0,0
0,0,0
0,0,0
16.0041494619364,-27.72,0
0,0,0
0,0,0
0,0,0
0,0,0
0,0,0
-16.0041494619364,-27.72,0
0,0,0
0,-55.44,0
16.0041494619364,-27.72,0
16.0041494619364,27.72,0
0,0,0
0,-55.44,0
0,-55.44,0
16.0041494619364,-27.72,0
16.0041494619364,-27.72,0
0,0,0
32.0082989238729,0,0
0,0,0
0,0,0
-16.0041494619364,-27.72,0
0,0,0
16.0041494619364,-27.72,0
0,0,0
0,0,0
0,0,0
32.0082989238729,0,0
0,0,0
0,0,0
0,0,0
0,0,0
0,0,0
16.0041494619364,-27.72,0
16.0041494619364,-27.72,0
16.0041494619364,27.72,0
32.0082989238729,0,0
16.0041494619364,-27.72,0
0,0,0
0,0,0
16.0041494619364,27.72,0
0,0,0
0,0,0
0,0,0
0,0,0
0,0,0
0,0,0
0,0,0
-32.0082989238728,0,0
0,0,0
0,0,0
0,0,0
-16.0041494619364,27.72,0
0,0,0
16.0041494619364,27.72,0
0,0,0
16.0041494619364,-27.72,0
-32.0082989238729,55.44,0
32.0082989238728,0,0
0,0,0
0,0,0
0,0,0
0,0,0
0,0,0
0,0,0
0,0,0
0,0,0
-16.0041494619364,27.72,0
0,0,0
0,0,0
0,0,0
-16.0041494619364,27.72,0
0,0,0
-16.0041494619364,27.72,0
0,0,0
16.0041494619364,-27.72,0
16.0041494619364,-27.72,0
0,0,0
0,0,0
0,0,0
0,0,0
32.0082989238729,0,0
16.0041494619364,27.72,0
0,0,0
-32.0082989238728,0,0
0,0,0
16.0041494619364,-27.72,0
16.0041494619364,-27.72,0
16.0041494619364,-27.72,0
0,0,0
32.0082989238728,0,0
0,0,0
0,0,0
-16.0041494619364,-27.72,0
0,0,0
0,0,0
0,0,0
0,0,0
16.0041494619364,27.72,0
0,0,0
0,0,0
0,0,0
0,0,0
0,0,0
0,0,0
0,0,0
0,0,0
0,0,0
0,0,0
0,0,0
16.0041494619364,27.72,0
-16.0041494619364,27.72,0
0,0,0
32.0082989238729,0,0
16.0041494619364,27.72,0
0,0,0
0,0,0
0,0,0
16.0041494619364,27.72,0
0,0,0
0,0,0
16.0041494619364,27.72,0
0,0,0
0,55.44,0
16.0041494619364,27.72,0
0,0,0
16.0041494619364,27.72,0
0,0,0
0,0,0
0,0,0
32.0082989238729,0,0
-16.0041494619364,-27.72,0
16.0041494619364,-27.72,0
16.0041494619364,27.72,0
0,0,0
0,0,0
0,0,0
0,0,0
16.0041494619364,27.72,0
-16.0041494619364,-27.72,0
16.0041494619364,27.72,0
0,0,0
0,0,0
16.0041494619364,-27.72,0
0,-55.44,0
16.0041494619364,-27.72,0
0,0,0
0,0,0
32.0082989238729,-55.44,0
16.0041494619364,-27.72,0
0,0,0
0,0,0
16.0041494619364,-27.72,0
16.0041494619364,27.72,0
16.0041494619364,27.72,0
0,0,0
16.0041494619364,-27.72,0
16.0041494619364,-27.72,0
0,0,0
0,0,0
16.0041494619364,-27.72,0
0,0,0
0,0,0
0,0,0
0,0,0
0,0,0
16.0041494619364,27.72,0
0,0,0
0,0,0
0,0,0
0,0,0
0,0,0
16.0041494619364,-27.72,0
-16.0041494619364,27.72,0
0,-55.44,0
16.0041494619364,-27.72,0
16.0041494619364,-27.72,0
-16.0041494619364,27.72,0
0,0,0
0,0,0
0,0,0
16.0041494619364,27.72,0
16.0041494619364,-27.72,0
-32.0082989238728,0,0
0,0,0
0,0,0
0,0,0
0,0,0
32.0082989238729,0,0
0,0,0
16.0041494619364,-27.72,0
-16.0041494619364,27.72,0
0,0,0
16.0041494619364,-27.72,0
-16.0041494619364,-27.72,0
-16.0041494619364,-27.72,0
0,0,0
0,0,0
0,0,0
0,0,0
0,0,0
0,0,0
16.0041494619364,27.72,0
16.0041494619364,-27.72,0
0,0,0
0,0,0
0,0,0
32.0082989238729,0,0
16.0041494619364,-27.72,0
0,0,0
0,0,0
16.0041494619364,-27.72,0
0,0,0
16.0041494619364,-27.72,0
48.0124483858093,-27.72,0
32.0082989238729,-55.44,0
16.0041494619364,-27.72,0
0,0,0
16.0041494619364,-27.72,0
0,0,0
-16.0041494619364,-27.72,0
-16.0041494619364,-27.72,0
0,0,0
0,0,0
0,0,0
-16.0041494619364,-27.72,0
16.0041494619364,-27.72,0
-32.0082989238728,0,0
-16.0041494619364,-27.72,0
16.0041494619364,-27.72,0
-16.0041494619364,-27.72,0
0,0,0
0,0,0
-16.0041494619364,-27.72,0
0,0,0
-16.0041494619364,-27.72,0
-16.0041494619364,27.72,0
0,0,0
0,0,0
16.0041494619364,-27.72,0
16.0041494619364,-27.72,0
0,0,0
0,0,0
0,-55.44,0
0,0,0
0,0,0
-16.0041494619364,-27.72,0
0,0,0
16.0041494619364,-27.72,0
0,0,0
32.0082989238729,0,0
0,0,0
16.0041494619364,-27.72,0
-16.0041494619364,27.72,0
-16.0041494619364,-27.72,0
0,0,0
0,0,0
32.0082989238729,0,0
0,0,0
16.0041494619364,-27.72,0
0,0,0
0,0,0
32.0082989238728,0,0
16.0041494619364,-27.72,0
0,0,0
16.0041494619364,-27.72,0
16.0041494619364,-27.72,0
0,0,0
0,0,0
0,0,0
16.0041494619364,27.72,0
-16.0041494619364,-27.72,0
16.0041494619364,-27.72,0
0,0,0
16.0041494619364,-27.72,0
16.0041494619364,-27.72,0
0,0,0
16.0041494619364,-27.72,0
0,-55.44,0
0,0,0
16.0041494619364,-27.72,0
